Req_ID,SWS_Reference,Requirement_Description,Function,File,Start_Line,End_Line,Implementation_Status,DET_Error_ID,Verification_Method,Notes
CANIF001,SWS_CANIF_00001,CanIf_Init shall initialize all CanIf-internal variables and set module state to initialized,CanIf_Init,CanIf.c,131,146,Implemented,CANIF_E_PARAM_POINTER,Code Review / Unit Test,Sets initRun=TRUE; initializes channelData array
CANIF007,SWS_CANIF_00007,CanIf_Init shall set all CAN controller modes to CANIF_CS_STOPPED,CanIf_Init,CanIf.c,139,139,Implemented,,Code Review,Loop sets each channel ControllerMode = CANIF_CS_STOPPED
CANIF008,SWS_CANIF_00008,CanIf_Init shall set all PDU channel modes to CANIF_GET_OFFLINE,CanIf_Init,CanIf.c,140,140,Implemented,,Code Review,Loop sets each channel PduMode = CANIF_GET_OFFLINE
CANIF066,SWS_CANIF_00066,CanIf shall have access to CAN Driver configuration data (CanControllerConfigType),CanIf_InitController,CanIf.c,185,199,Implemented,,Code Review,canConfig pointer obtained from ControllerConfig[]; access to Can_ControllerConfigType
CANIF092,SWS_CANIF_00092,If controller is in STARTED state during CanIf_InitController it shall be set to STOPPED first,CanIf_InitController,CanIf.c,168,175,Implemented,CANIF_E_PARAM_CONTROLLER_MODE,Code Review / Unit Test,Calls CanIf_SetControllerMode(CANIF_CS_STOPPED) if mode==STARTED; DET if not STOPPED
CANIF293,SWS_CANIF_00293,CanIf_InitController shall subsequently call the CAN Driver initialization services,CanIf_InitController,CanIf.c,200,204,Implemented,,Code Review,Calls Can_InitController(canControllerId canConfig) then sets mode to STOPPED
CANIF017,SWS_CANIF_00017,CanIf_SetControllerMode shall transition controller to CANIF_CS_STARTED and enable PDU mode ONLINE,CanIf_SetControllerMode,CanIf.c,248,268,Implemented,,Code Review / State Machine Test,Calls CanIf_SetPduMode(CANIF_SET_ONLINE) then Can_SetControllerMode(CAN_T_START)
CANIF021,SWS_CANIF_00021,CanIf_SetControllerMode shall transition controller to CANIF_CS_SLEEP via STOPPED state,CanIf_SetControllerMode,CanIf.c,271,289,Implemented,,Code Review / State Machine Test,If from STARTED: calls CAN_T_STOP first then CAN_T_SLEEP (Figure 33)
CANIF022,SWS_CANIF_00022,CanIf_SetControllerMode shall transition controller to CANIF_CS_STOPPED and set PDU mode OFFLINE,CanIf_SetControllerMode,CanIf.c,291,311,Implemented,,Code Review / State Machine Test,Calls CanIf_SetPduMode(CANIF_SET_OFFLINE) then Can_SetControllerMode(CAN_T_STOP)
CANIF023,SWS_CANIF_00023,CanIf_GetControllerMode shall return the current CAN controller mode via output pointer,CanIf_GetControllerMode,CanIf.c,322,335,Implemented,CANIF_E_UNINIT / CANIF_E_PARAM_CONTROLLER / CANIF_E_PARAM_POINTER,Code Review / Unit Test,Reads from CanIf_Global.channelData[channel].ControllerMode
CANIF005,SWS_CANIF_00005,CanIf_Transmit shall request transmission of a CAN L-PDU to the CAN Driver,CanIf_Transmit,CanIf.c,423,482,Implemented,CANIF_E_UNINIT / CANIF_E_PARAM_POINTER / CANIF_E_INVALID_TXPDUID,Code Review / Integration Test,Validates mode then calls Can_Write()
CANIF011,SWS_CANIF_00011,CanIf_Transmit shall call Can_Write with the HTH and PDU data,CanIf_Transmit,CanIf.c,469,479,Implemented,,Code Review,Can_Write called with CanIfHthIdSymRef and constructed Can_PduType
CANIF161,SWS_CANIF_00161,CanIf_Transmit shall check that the CAN controller is in STARTED state before transmitting; if CAN_BUSY is returned tx buffering is not applied,CanIf_Transmit,CanIf.c,450,479,Implemented,,Code Review / Unit Test,Returns E_NOT_OK if csMode != CANIF_CS_STARTED (L450); returns E_NOT_OK on CAN_BUSY (L475) - buffering not supported
CANIF082,SWS_CANIF_00082,CanIf_Transmit shall handle CAN_BUSY return from Can_Write (transmit buffer full),CanIf_Transmit,CanIf.c,475,479,Implemented (no buffering),CANIF_E_INVALID_TXPDUID,Code Review,Returns E_NOT_OK on CAN_BUSY; comment notes buffering not supported
CANIF072,SWS_CANIF_00072,CanIf_SetPduMode shall set the channel PDU mode according to the requested mode transition,CanIf_SetPduMode,CanIf.c,544,630,Implemented,CANIF_E_UNINIT / CANIF_E_PARAM_CONTROLLER,Code Review / State Machine Test,Full state machine for all 7 set-mode values; transitions stored in channelData[channel].PduMode
CANIF075,SWS_CANIF_00075,CanIf_GetPduMode shall return the current channel PDU mode via output pointer,CanIf_GetPduMode,CanIf.c,632,646,Implemented,CANIF_E_UNINIT / CANIF_E_PARAM_CONTROLLER,Code Review / Unit Test,Reads CanIf_Global.channelData[channel].PduMode
CANIF189,SWS_CANIF_00189,CanIf_SetDynamicTxId shall update the CAN ID of a dynamic L-PDU,CanIf_SetDynamicTxId,CanIf.c,647,683,Implemented,CANIF_E_UNINIT / CANIF_E_INVALID_TXPDUID / CANIF_E_PARAM_CANID,Code Review / Unit Test,Updates txEntry->CanIfCanTxPduIdCanId at runtime
CANIF013,SWS_CANIF_00013,CanIf_TxConfirmation shall notify upper layer of successful L-PDU transmission,CanIf_TxConfirmation,CanIf.c,742,761,Implemented,CANIF_E_UNINIT / CANIF_E_PARAM_LPDU,Code Review / Integration Test,Calls entry->CanIfUserTxConfirmation() if mode allows TX
CANIF053,SWS_CANIF_00053,Upper layer TX confirmation callbacks shall only be called when the PDU channel mode allows transmission,CanIf_TxConfirmation,CanIf.c,754,758,Implemented,,Code Review,Checks mode is TX_ONLINE / ONLINE / OFFLINE_ACTIVE before calling upper layer callback (CANIF053 tag at L757)
CANIF020,SWS_CANIF_00020,CanIf_RxIndication shall distribute received L-PDU to the configured upper layer module,CanIf_RxIndication,CanIf.c,763,898,Implemented,CANIF_E_UNINIT / CANIF_E_PARAM_POINTER / CANIF_E_PARAM_HRH / CANIF_E_PARAM_DLC / CANIF_E_PARAM_LPDU,Code Review / Integration Test,Routes to PduR / CanNm / CanTp / J1939Tp based on CanIfRxUserType
CANIF025,SWS_CANIF_00025,CanIf_RxIndication shall check the PDU channel mode and discard frame if receiver path is disabled,CanIf_RxIndication,CanIf.c,776,788,Implemented,,Code Review,Drops frame if mode is OFFLINE / TX_ONLINE / OFFLINE_ACTIVE
CANIF060,SWS_CANIF_00060,CanIf_RxIndication shall perform software filtering for BASIC CAN HRH using mask/ID filter,CanIf_RxIndication,CanIf.c,796,820,Implemented (MASK only),CANIF_E_PARAM_HRH,Code Review / Unit Test,Supports CANIF_SOFTFILTER_TYPE_MASK; reports DET for unsupported filter types
CANIF026,SWS_CANIF_00026,CanIf_RxIndication shall check the DLC of a received L-PDU if DLC check is enabled,CanIf_RxIndication,CanIf.c,823,829,Implemented (conditional),CANIF_E_PARAM_DLC,Code Review / Unit Test,Guarded by #if CANIF_DLC_CHECK==STD_ON; reports DET if CanDlc < configured DLC
CANIF019,SWS_CANIF_00019,CanIf_ControllerBusOff shall set the CAN controller mode to STOPPED and notify upper layer,CanIf_ControllerBusOff,CanIf.c,917,942,Implemented,CANIF_E_UNINIT / CANIF_E_PARAM_CONTROLLER,Code Review / Integration Test,Calls CanIf_SetControllerMode(CANIF_CS_STOPPED); calls CanIfBusOffNotification dispatch callback
CANIF037,SWS_CANIF_00037,CanIf_SetWakeupEvent shall propagate a wakeup event to the EcuM,CanIf_SetWakeupEvent,CanIf.c,943,962,Implemented,CANIF_E_UNINIT / CANIF_E_PARAM_CONTROLLER,Code Review,Calls CanIfWakeUpNotification if configured in DispatchConfig
CANIF209,SWS_CANIF_00209,CanIf_CancelTxConfirmation shall confirm cancellation of a pending Tx PDU,CanIf_CancelTxConfirmation,CanIf.c,901,914,Not Supported,CANIF_E_NOK_NOSUPPORT,Code Review,Guarded by CANIF_TRANSMIT_CANCELLATION==STD_ON; returns E_NOT_OK immediately (not implemented)
CANIF194,SWS_CANIF_00194,CanIf_ReadRxPduData shall copy the received Rx L-PDU data to the provided buffer,CanIf_ReadRxPduData,CanIf.c,487,497,Not Supported,CANIF_E_NOK_NOSUPPORT,Code Review,Guarded by CANIF_READRXPDU_DATA_API==STD_ON; returns E_NOT_OK (not implemented)
CANIF202,SWS_CANIF_00202,CanIf_ReadTxNotifStatus shall return the TX notification status of an L-PDU,CanIf_ReadTxNotifStatus,CanIf.c,503,527,Not Supported,CANIF_E_NOK_NOSUPPORT,Code Review,Guarded by CANIF_READTXPDU_NOTIFY_STATUS_API==STD_ON; returns CANIF_NO_NOTIFICATION (not implemented)
CANIF207,SWS_CANIF_00207,CanIf_ReadRxNotifStatus shall return the RX notification status of an L-PDU,CanIf_ReadRxNotifStatus,CanIf.c,533,539,Not Supported,CANIF_E_NOK_NOSUPPORT,Code Review,Guarded by CANIF_READRXPDU_NOTIFY_STATUS_API==STD_ON; returns CANIF_NO_NOTIFICATION (not implemented)
CANIF208,SWS_CANIF_00208,CanIf shall call PduR_CanIfRxIndication for PDUs routed through PDU Router,CanIf_RxIndication,CanIf.c,853,864,Implemented (conditional),,Code Review / Integration Test,Guarded by USE_PDUR; calls PduR_CanIfRxIndication with PduInfoType
CANIF233,SWS_CANIF_00233,CanIf shall call CanNm_RxIndication for PDUs belonging to CAN Network Management,CanIf_RxIndication,CanIf.c,846,851,Implemented (conditional),,Code Review / Integration Test,Guarded by USE_CANNM; calls CanNm_RxIndication with PDU ID and SDU pointer; NOTE: TODO tag at L47 indicates PduR_CanIf.h import was deferred
CANIF035,SWS_CANIF_00035,CanIf_Arc_Error shall notify upper layer of a CAN driver error event,CanIf_Arc_Error,CanIf.c,963,990,Implemented (ArcCore extension),CANIF_E_UNINIT / CANIF_E_PARAM_CONTROLLER,Code Review,ArcCore-specific (not standard AUTOSAR API); calls CanIfErrorNotification
CANIF_PreInit,ArcCore_Extension,Pre-initialization of CAN controller before CanIf_Init completes (ArcCore extension),CanIf_PreInit_InitController,CanIf.c,206,222,Implemented (ArcCore extension),CANIF_E_PARAM_CONTROLLER / CANIF_E_PARAM_POINTER,Code Review,Not in AUTOSAR standard; called internally by CanIf_Init to init each controller before initRun is set
CANIF_FindHrh,ArcCore_Extension,Internal helper to map HRH hardware object to CanIf channel ID,CanIf_Arc_FindHrhChannel,CanIf.c,100,126,Implemented (internal),,Code Review,Static helper; reports CANIF_E_PARAM_HRH via DET if HRH not found; returns -1 as sentinel
CANIF_FindTxPdu,ArcCore_Extension,Internal helper to find Tx PDU config entry by PDU ID,CanIf_FindTxPduEntry,CanIf.c,343,354,Implemented (internal),,Code Review,Returns NULL if id >= CanIfNumberOfCanTXPduIds; bounds-check only
CANIF_FindRxPdu,ArcCore_Extension,Internal helper to find Rx PDU config entry by PDU ID (runtime PDU config only),CanIf_FindRxPduEntry,CanIf.c,357,364,Implemented (conditional internal),,Code Review,Only available when CANIF_ARC_RUNTIME_PDU_CONFIGURATION==STD_ON
CANIF_GetRxHandler,ArcCore_Extension,Get the receive HRH config handler for a given CanIf channel (runtime PDU config only),CanIf_Arc_GetReceiveHandler,CanIf.c,366,391,Implemented (conditional internal),CANIF_E_PARAM_HRH,Code Review,Only available when CANIF_ARC_RUNTIME_PDU_CONFIGURATION==STD_ON
CANIF_GetTxHandler,ArcCore_Extension,Get the transmit HTH config handler for a given CanIf channel (runtime PDU config only),CanIf_Arc_GetTransmitHandler,CanIf.c,393,421,Implemented (conditional internal),,Code Review,Only available when CANIF_ARC_RUNTIME_PDU_CONFIGURATION==STD_ON
CANIF_GetChanDefConf,ArcCore_Extension,Return the default configuration index for a given CanIf channel,CanIf_Arc_GetChannelDefaultConfIndex,CanIf.c,991,996,Implemented (ArcCore extension),,Code Review,Returns Arc_ChannelDefaultConfIndex[Channel] from config
CANIF034,SWS_CANIF_00034,CanIf shall support transceiver mode setting via CanIf_SetTransceiverMode,CanIf_SetTransceiverMode,CanIf.c,684,692,Not Supported,CANIF_E_NOK_NOSUPPORT,Code Review,Returns E_NOT_OK immediately; transceiver API not implemented
CANIF038,SWS_CANIF_00038,CanIf shall support transceiver mode reading via CanIf_GetTransceiverMode,CanIf_GetTransceiverMode,CanIf.c,693,701,Not Supported,CANIF_E_NOK_NOSUPPORT,Code Review,Returns E_NOT_OK immediately
CANIF039,SWS_CANIF_00039,CanIf shall support wakeup reason reading via CanIf_GetTrcvWakeupReason,CanIf_GetTrcvWakeupReason,CanIf.c,702,710,Not Supported,CANIF_E_NOK_NOSUPPORT,Code Review,Returns E_NOT_OK immediately
CANIF040,SWS_CANIF_00040,CanIf shall support transceiver wakeup mode setting via CanIf_SetTransceiverWakeupMode,CanIf_SetTransceiverWakeupMode,CanIf.c,711,720,Not Supported,CANIF_E_NOK_NOSUPPORT,Code Review,Returns E_NOT_OK immediately
CANIF041,SWS_CANIF_00041,CanIf shall support wakeup source checking via CanIf_CheckWakeup,CanIf_CheckWakeup,CanIf.c,722,729,Not Supported,CANIF_E_NOK_NOSUPPORT,Code Review,Returns E_NOT_OK immediately
CANIF042,SWS_CANIF_00042,CanIf shall support wakeup validation via CanIf_CheckValidation,CanIf_CheckValidation,CanIf.c,730,739,Not Supported,CANIF_E_NOK_NOSUPPORT,Code Review,Returns E_NOT_OK immediately
