ID,DescriptionSWS_CANIF_00378,"CanIf shall access the location of the API of all used underlying CanDrvs for link time configuration by a set of function pointers for each CanDrv.] ()
The values for the function pointers for each CanDrv are given at link time."SWS_CANIF_00672,"The header file CanIf.h only contains extern declarations of constants, global data and services that are specified in CanIf."SWS_CANIF_00903,CanIf shall include the header file Mirror.h if Bus Mirroring is enabled (see CanIfBusMirroringSupport).SWS_CANIF_00023,CanIf shall avoid direct access to hardware specific communication buffers and shall access it exclusively via CanDrv interface services.SWS_CANIF_00662,"CanIf shall use two types of HOHs to enable access to CanDrv:
Hardware Transmit Handle (HTH) and
Hardware Receive Handle (HRH)."SWS_CANIF_00291,Definition of HRH: The HRH shall be a handle referencing a logical Hardware Receive Object of the CAN Controller mailbox.SWS_CANIF_00665,The HRH shall enable CanIf to use BasicCAN or a FullCAN reception method of the referenced reception unit and to indicate a Received L-SDU to a target upper layer module.SWS_CANIF_00663,"If the HRH references a reception unit configured for BasicCAN reception, software filtering shall be enabled in CanIf."SWS_CANIF_00664,"If multiple HRHs are used, each HRH shall belong at least to a single or fixed group of Rx L-SDU (CanRxPduIds)."SWS_CANIF_00292,Definition of HTH: The HTH shall be a handle referencing a logical Hardware Transmit Object of the CAN Controller mailbox.SWS_CANIF_00666,The HTH shall enable CanIf to use BasicCAN or FullCAN transmission method of the referenced transmission unit and to confirm a transmitted L-SDU to a target upper layer module.SWS_CANIF_00466,Each CanIf Tx L-PDU shall statically be assigned to one CanIfBufferCfg configuration container at configuration time (see CanIfTxPduBufferRef).SWS_CANIF_00667,"If multiple HTHs are used, each HTH shall belong to a single or fixed group of Tx L-PDU (CanTxPduIds)."SWS_CANIF_00115,"CanIf shall be able to use all HRHs and HTHs of one CanDrv
as common, single numbering area starting with zero."SWS_CANIF_00844,"CanIf shall support dynamic L-PDUs, where the CanId or relevant parts of the CanId are placed in the MetaData of a L-SDU."SWS_CANIF_00188,"CanIf shall process the two most significant bits of the CanId (see [1, Specification of CAN Driver], definition of Can_IdType [SWS_Can_00416]) to determine which type of CanId is used and thus how the dynamic Transmit L-PDU shall be transmitted."SWS_CANIF_00673,"The CanIf shall guarantee data consistency of the CanId in case of running function CanIf_SetDynamicTxId(). This service may be interrupted by a pre-emptive call of CanIf_Transmit() affecting the same L-PDU, see [SWS_CANIF_00064]."SWS_CANIF_00855,"If CanIfTxPduCanIdMask and CanIfTxPduCanId are omitted, the CanId is directly taken from the MetaData."SWS_CANIF_00856,CanIfTxPduCanIdMask shall be ignored when meta data configuration does not contain CAN_ID_32 for this L-SDU.SWS_CANIF_00854,"If the MetaDataItem CAN_ID_32, CanIfTxPduCanIdMask and CanIfTxPduCanId are available, CanIfTxPduCanIdMask defines the bits in CanIfTxPduCanId and the bits of the Can_IdType derived from CanIfTxPduCanIdType that shall appear in the actual CanId, the other bits are taken from the MetaData."SWS_CANIF_00857,CanIf_Init() (see [SWS_CANIF_00085]) initializes the CanIds of the dynamic Transmit L-PDUs with CanIfTxPduType to the value configured via CanIfTxPduCanId.SWS_CANIF_00847,"Configuration shall ensure that dynamic Receive L-PDUs use an ID range or a mask and that the MetaDataItem CAN_ID_32 is configured for the L-SDU. Besides, the software filtering must be enabled for these L-SDUs."SWS_CANIF_00848,"Upon reception of a dynamic L-SDU, CanIf shall place the
CanId in the MetaDataItem of type CAN_ID_32."SWS_CANIF_00653,"The CanIf shall provide a ControllerId, which abstracts from the different Controllers of the different CanDrv instances. The range of the ControllerIds within the CanIf shall start with ’0’. It shall be configurable via CanIfCtrlId."SWS_CANIF_00655,"The CanIf shall provide a TransceiverId, which abstracts from the different Transceivers of the different CanTrcv instances. The range of the TransceiverIds within the CanIf shall start with ’0’. It shall be configurable via CanIfTrcvId."SWS_CANIF_00467,CanIf shall configure and store an order on HTHs and HRHs for all HOHs derived from the configuration containers CanIfHthCfg and CanIfHrhCfg.SWS_CANIF_00468,CanIf shall reference a hardware acceptance filter for each HOH derived from the configuration parameters CanIfHthIdSymRef and CanIfHrhIdSymRef.SWS_CANIF_00469,CanIf shall give the possibility to configure and store a software acceptance filter for each HRH of type BasicCAN configured by parameter CanIfHrhSoftwareFilter.SWS_CANIF_00211,CanIf shall execute the software acceptance filter from [SWS_CANIF_00469] for the HRH passed by callback function CanIf_RxIndication().SWS_CANIF_00877,"If CanIf receives a L-PDU (see CanIf_RxIndication()), it shall perform the following comparisons to select the correct reception L-SDU
configured in CanIfRxPduCfg:
compare CanIfRxPduCanId with the passed Mailbox->CanId (Can_IdType) excluding the two most significant bits
compare CanIfRxPduCanIdType with the two most significant bits of the passed Mailbox->CanId (Can_IdType)"SWS_CANIF_00281,CanIf shall accept and handle StandardCAN IDs and ExtendedCAN IDs on the same Physical Channel (= mixed mode operation).SWS_CANIF_00382,"If an L-PDU is requested to be transmitted via a PDU channel mode, which equals CANIF_OFFLINE, the CanIf shall report the runtime error code CANIF_E_STOPPED to the Det_ReportRuntimeError() service of the DET and CanIf_Transmit() shall return E_NOT_OK."SWS_CANIF_00904,"If Bus Mirroring is enabled globally (see CanIfBusMirroringSupport) and has been activated with a call to CanIf_EnableBusMirroring () for a CAN Controller, the CanIf shall store the content of each frame before it is transmitted on that controller with Can_Write()."SWS_CANIF_00063,"The CanIf shall support buffering of a CAN L-PDU for BasicCAN transmission in the CanIf, if parameter CanIfPublicTxBuffering (see CanIfPublicTxBuffering) is enabled."SWS_CANIF_00849,"For dynamic Transmit L-PDUs, also the CanId has to be stored in the CanIfTxBuffer."SWS_CANIF_00381,"If transmit buffering is enabled (see [SWS_CANIF_00063]) and if the call of Can_Write() for a PDU configured for direct transmission returns with CAN_BUSY, CanIf shall check if it is possible to buffer the CanIf Tx L-PDU, which was requested to be transmitted via Can_Write() in a CanIfTxBuffer.] (SRS_Can_01126)
When the call of Can_Write() returns with CAN_BUSY, CanDrv has rejected the requested transmission of the L-PDU (see [1]) because there is no free hardware object available at time of the transmit request (Tx request)."SWS_CANIF_00895,"If the rejected data length exceeds the configured size, CanIf
shall:
buffer the configured amount of data and discard the rest
and report runtime error code CANIF_E_DATA_LENGTH_MISMATCH to the
Det_ReportRuntimeError() service of the DET."SWS_CANIF_00881,"If transmit buffering is enabled (see [SWS_CANIF_00063]) and if the call of Can_Write() for a PDU configured for triggered transmission returns with CAN_BUSY, CanIf shall check if it is possible to buffer the Transmit Request, which was requested to be transmitted via Can_Write() in a CanIfTxBuffer.] (SRS_Can_01126)"SWS_CANIF_00835,"When CanIf checks whether it is possible to buffer a CanIf Tx L-PDU or a Transmit Request (see [SWS_CANIF_00381], [SWS_CANIF_00881]), this shall only be possible, if the CanIf Tx L-PDU is assigned (see CanIfTxPduBufferRef) to a CanIfBufferCfg (see CanIfBufferCfg), which is configured with a buffer size (see CanIfBufferSize) bigger than zero."SWS_CANIF_00836,"If it is possible to buffer a CanIf Tx L-PDU or a Transmit Request, because the buffer size of the assigned CanIfTxBuffer is bigger than zero (see [SWS_CANIF_00835]), CanIf shall buffer a CanIf Tx L-PDU or the Transmit Request in a free buffer element of the assigned CanIfTxBuffer, if the CanIf Tx L-PDU or the Transmit Request is not already buffered in the CanIfTxBuffer."SWS_CANIF_00068,"If it is possible to buffer a CanIf Tx L-PDU or a Transmit Request, because the buffer size of the assigned CanIfTxBuffer is bigger than zero (see [SWS_CANIF_00835]), CanIf shall overwrite direct transmitted CanIf Tx L-PDU in the assigned CanIfTxBuffer, if the CanIf Tx L-PDU is already buffered in the CanIfTxBuffer when Can_Write() returns CAN_BUSY."SWS_CANIF_00837,"If the buffer size is greater zero, all buffer elements are busy and CanIf_Transmit() is called with a new L-PDU (no other instance of the same L-PDU is already stored in the buffer), then the new L-PDU or its Transmit Request shall not be stored and CanIf_Transmit() shall return E_NOT_OK."SWS_CANIF_00386,"CanIf shall evaluate during transmit confirmation (see [SWS_CANIF_00007]), whether pending CanIf Tx L-PDUs or Transmit
Requests are stored within the CanIfTxBuffers, which are assigned to the new free Hardware Transmit Object (see [SWS_CANIF_00466])."SWS_CANIF_00668,"If pending CanIf Tx L-PDUs or Transmit Requests are available in the CanIfTxBuffers as per [SWS_CANIF_00386], then CanIf shall call Can_Write() for that pending CanIf Tx L-PDU or Transmit Requests (of the one assigned to the new Hardware Transmit Object) with the highest priority (see [SWS_CANIF_00070])."SWS_CANIF_00070,"CanIf shall transmit L-PDUs or Transmit Requests stored in the Transmit L-PDU Buffers in priority order (see [12, ISO 11898-1:2015]) per each HTH. CanIf shall not differentiate between L-PDUs and Transmit Requests.] ()"SWS_CANIF_00183,"When CanIf calls the function Can_Write() for prioritized L-PDUs and Transmit Requests stored in CanIfTxBuffer and the return value of Can_Write() is E_OK, then CanIf shall remove this L-PDU or Transmit Request from the Transmit L-PDU Buffer immediately, before the transmit confirmation returns."SWS_CANIF_00387,"When function CanIf_Init() is called, CanIf shall initialize every Transmit L-PDU Buffer assigned to CanIf."SWS_CANIF_00033,CanIf shall protect against concurrent access to Transmit L-PDU Buffers for transmit L-PDUs and Transmit Requests.SWS_CANIF_00905,"If Bus Mirroring is enabled globally (see CanIfBusMirroringSupport) and has been activated with a call to CanIf_EnableBusMirroring () for a CAN Controller, the CanIf shall call Mirror_ReportCanFrame() for each frame transmission on that controller that is confirmed with CanIf_TxConfirmation(), providing the stored content and the actual CAN ID."SWS_CANIF_00383,"When callback notification CanIf_TxConfirmation() is called, CanIf shall identify the upper layer communication layer (see [SWS_CANIF_00414]), which is linked to the successfully transmitted L-
-PDU, and shall notify it about the performed transmission by call of CanIf’s transmit confirmation service <User_TxConfirmation>(E_OK)."SWS_CANIF_00740,"If CanIfPublicTxConfirmPollingSupport is enabled, CanIf shall buffer the information about a received TxConfirmation per CAN Controller, if the controller mode of that controller is in state CAN_CS_STARTED."SWS_CANIF_00906,"If Bus Mirroring is enabled globally (see CanIfBusMirroringSupport) and has been activated with a call to CanIf_EnableBusMirroring () for a CAN Controller, the CanIf shall call Mirror_ReportCanFrame() for each frame reception on that controller that is indicated with CanIf_RxIndication ()."SWS_CANIF_00389,"If the function CanIf_RxIndication() is called, the CanIfshall process the Software Filtering on the received L-PDU, if configured (see multiplicity of CanIfHrhRangeCfg equals 0..?). If Software Filtering rejects the received
L-PDU, the CanIf shall end the receive indication for that call of CanIf_RxIndication()"SWS_CANIF_00390,"If CanIf accepts an L-PDU received via CanIf_RxIndication() during Software Filtering (see [SWS_CANIF_00389]), CanIf shall process the Data Length check afterwards, if configured (see CanIfPrivateDataLengthCheck and CanIfRxPduDataLengthCheck)."SWS_CANIF_00297,"If CanIf has accepted a L-PDU received via CanIf_RxIndication() during Data Length Check (see [SWS_CANIF_00390]), CanIf shall copy the number of bytes according to the configured Data Length (see ECUC_CanIf_00599) to the static receive buffer, if configured for that L-PDU (see [SWS_CANIF_00198], ECUC_CanIf_00600)."SWS_CANIF_00851,"If MetaData is configured for a received L-SDU, CanIf shall copy the PDU payload to the static receive buffer and the CAN ID to the MetaDataItem of type CAN_ID_32."SWS_CANIF_00056,"If CanIf accepts a L-PDU received via CanIf_RxIndication() during Data Length Check (see [SWS_CANIF_00390], [SWS_CANIF_00026]), CanIf shall identify if a target upper layer module was configured (see configuration descrption of [SWS_CANIF_00012], CanIfRxPduUserRxIndicationUL, CanIfRxPduUserRxIndicationName) to be called with its providing receive indication service for the received L-SDU."SWS_CANIF_00135,"If a target upper layer module was configured to be called with its providing receive indication service (see [SWS_CANIF_00056]), the CanIf shall call this configured receive indication callback service (see CanIfRxPduUserRxIndicationName) and shall provide the parameters required for upper layer notification


callback functions (see [SWS_CANIF_00012]) based on the parameters of CanIf_RxIndication()."SWS_CANIF_00198,"If the configuration parameter CanIfPublicReadRxPduDataApi is set to TRUE, CanIf shall store each received L-SDU, at which CanIfRxPduReadData is enabled, into a receive L-SDU buffer. This means that if the configuration parameter CanIfRxPduReadData is set to TRUE, CanIf has to allocate a receive L-SDU buffer for this receive L-SDU."SWS_CANIF_00199,"After call of CanIf_RxIndication() and passing of software filtering and Data Length Check, CanIf shall store the received L-SDU in this receive L-SDU buffer. During the call of CanIf_ReadRxPduData() the assigned receive L-SDU buffer containing a recently received L-SDU, CanIf shall avoid preemptive receive L-SDU buffer access events (refer to [SWS_CANIF_00064]) to that receive L-SDU buffer."SWS_CANIF_00472,"If configuration parameter CanIfPublicReadTxPduNotifyStatusApi is set to TRUE, CanIf shall store the current notification status for each transmit L-SDU."SWS_CANIF_00473,"If configuration parameter CanIfPublicReadRxPduNotifyStatusApi is set to TRUE, CanIf shall store the current notification status for each receive L-SDU."SWS_CANIF_00677,"If a controller mode referenced by ControllerId is in state CAN_CS_STOPPED and if the PduIdType parameter in a call of CanIf_Transmit() is assigned to that CAN Controller, then the call of CanIf_Transmit() does not result in a call of Can_Write() (see [SWS_CANIF_00317]) and returns E_NOT_OK.] ()"SWS_CANIF_00485,"If a controller mode referenced by ControllerId enters state CAN_CS_STOPPED, then CanIf shall clear the CanIf transmit buffers assigned to the CAN Controller corresponding."SWS_CANIF_00739,"If a controller mode referenced by ControllerId enters state CAN_CS_STOPPED, then CanIf shall inform corresponding upper layer modules about failed transmission by calling <User_TxConfirmation>(id, E_NOT_OK) for every outstanding TxConfirmation assigned to that CAN Controller. If CanIfPublicTxConfirmPollingSupport is enabled, CanIf shall also clear the information about a TxConfirmation (see [SWS_CANIF_00740])."SWS_CANIF_00724,"When callback CanIf_ControllerBusOff(ControllerId) is called, the CanIf shall call CanSM_ControllerBusOff(ControllerId) of the CanSm or a CDD (see [SWS_CANIF_00559], [SWS_CANIF_00560]).] ()
Note for [SWS_CANIF_00724]: Note for [SWS_CANIF_00724]: See subsubsection 8.6.3.9 “<User_ControllerModeIndication>”."SWS_CANIF_00711,"When callback CanIf_ControllerModeIndication (ControllerId, ControllerMode) is called, CanIf shall call CanSm_ControllerModeIndication(ControllerId, ControllerMode) of the CanSm or a CDD (see [SWS_CANIF_00691], [SWS_CANIF_00692])."SWS_CANIF_00712,"When callback CanIf_TrcvModeIndication (Transceiver, TransceiverMode) is called, CanIf shall call CanSM_TransceiverModeIndication(TransceiverId, TransceiverMode) of the CanSm or a CDD (see [SWS_CANIF_00697], [SWS_CANIF_00698])."SWS_CANIF_00395,"When CanIf_CheckWakeup(EcuM_WakeupSourceType WakeupSource) is invoked, CanIf shall query CanDrvs / CanTrcvs via CanTrcv_CheckWakeup() or Can_CheckWakeup(), which exact CAN hardware device caused the bus wake-up."SWS_CANIF_00720,"If at least one function call of Can_CheckWakeup() or CanTrcv_CheckWakeup() returns E_OK to CanIf, then CanIf_CheckWakeup() shall return E_OK."SWS_CANIF_00678,"If all calls of Can_CheckWakeup() or CanTrcv_CheckWakeup() return E_NOT_OK to CanIf, then CanIf_CheckWakeup() shall return E_NOT_OK."SWS_CANIF_00286,"If CanIfPublicWakeupCheckValidSupport equals TRUE, CanIf enables the detection for CAN wake-up validation. Therefore, CanIf stores the event of the first valid call of CanIf_RxIndication() of a CAN Controller which has been set to CAN_CS_STARTED. The first call of CanIf_RxIndication() is valid:
only for received NM messages if CanIfPublicWakeupCheckValidByNM is
TRUE
for all received messages corresponding to a configured Rx PDU if CanIfPublicWakeupCheckValidByNM is FALSE."SWS_CANIF_00179,"<User_ValidateWakeupEvent>(sources) shall be called during CanIf_CheckValidation(WakeupSource), whereas sources is set to WakeupSource, if the event of the first called CanIf_RxIndication() is stored in CanIf at the corresponding CAN Controller."SWS_CANIF_00756,When controller mode is set to CAN_CS_SLEEP the stored event from previous wake-up (first call of CanIf_RxIndication) shall be cleared (see [SWS_CANIF_00179]).SWS_CANIF_00864,"During initialization CanIf shall switch every channel to
CANIF_OFFLINE."SWS_CANIF_00865,"If CanIf_SetControllerMode(ControllerId, CAN_CS_SLEEP) is called, CanIf shall set the PDU channel mode of the corresponding channel to CANIF_OFFLINE."SWS_CANIF_00073,"For Physical Channels switching to CANIF_OFFLINE
mode CanIf shall:
prevent forwarding of transmit requests CanIf_Transmit() of associated L-
-PDUs to CanDrv (return E_NOT_OK to the calling upper layer modules),
clear the corresponding CanIf transmit buffers,
prevent invocation of receive indication callback services of the upper layer modules,
prevent invocation of transmit confirmation callback services of the upper layer modules."SWS_CANIF_00866,"If CanIf_SetControllerMode(ControllerId, CAN_CS_STOPPED) or CanIf_ControllerBusOff(ControllerId) is called, CanIf


shall set the PDU channel mode of the corresponding channel to CANIF_TX_OFFLINE."SWS_CANIF_00489,"For Physical Channels switching to CANIF_TX_OFFLINE
mode CanIf shall:
prevent forwarding of transmit requests CanIf_Transmit() of associated L--PDUs to CanDrv (return E_NOT_OK to the calling upper layer modules),
clear the corresponding CanIf transmit buffers,
prevent invocation of transmit confirmation callback services of the upper layer modules.
enable invocation of receive indication callback services of the upper layer modules."SWS_CANIF_00118,"If those Transmit L-PDUs, which are already waiting for transmission in the CAN Transmit Hardware Object, will be transmitted immediately after change to CANIF_TX_OFFLINE or CANIF_OFFLINE mode and a subsequent BusOff event occurs, CanIf does not prohibit execution of the BusOff notification <User_ControllerBusOff>(ControllerId)."SWS_CANIF_00075,"For Physical Channels switching to CANIF_ONLINE mode CanIf shall:
enable forwarding of transmit requests CanIf_Transmit() of associated L-
-PDUs to CanDrv,
enable invocation of receive indication callback services of the upper layer modules,
enable invocation of transmit confirmation callback services of the upper layer modules."SWS_CANIF_00072,For every L-PDU assigned to a channel which is in CANIF_TX_OFFLINE_ACTIVE mode CanIf shall call the transmit confirmation callback services of the upper layer modules immediately instead of buffering or forwarding of the L-PDUs to CanDrv during the call of CanIf_Transmit().SWS_CANIF_00645,"A range of CanIds which shall pass the software receive filter shall either be defined by its upper limit (see CanIfHrhRangeRxPduUpperCanId) and lower limit (see CanIfHrhRangeRxPduLowerCanId) CanId, or by a base ID (see CanIfHrhRangeBaseId) and a mask that defines the relevant bits of the base ID (see CanIfHrhRangeMask)."SWS_CANIF_00646,"Each configurable range of CanIds (see [SWS_CANIF_00645]), which shall pass the software receive filter, shall be configurable either for Standard CAN IDs or Extended CAN IDs via CanIfHrhRangeRxPduRangeCanIdType."SWS_CANIF_00030,"If the CanId of the received L-PDU in the HRH is configured to be received, then CanIf shall accept this L-PDU and the software filtering algorithm shall derive the corresponding Receive L-PDU from the found CanId."SWS_CANIF_00852,"If a range is (partly) contained in another range, or a single CanId is contained in a range, the software filter shall select the L-PDU based on the following assumptions:
A single CanId is always more relevant than a range.
A smaller range is more relevant than a larger range."SWS_CANIF_00026,CanIf shall accept all received L-PDUs (see [SWS_CANIF_00390]) with a Data Length value equal or greater then the configured Data Length value (see CanIfRxPduDataLength).SWS_CANIF_00902,The Data Length Check shall be processed if it is enabled globally (see CanIfPrivateDataLengthCheck) and not disabled individually per PDU (see CanIfRxPduDataLengthCheck).SWS_CANIF_00168,"If the Data Length Check rejects a received L-PDU (see [SWS_CANIF_00026]), CanIf shall report runtime error code CANIF_E_INVALID_DATA_LENGTH to the Det_ReportRuntimeError() service of the DET module."SWS_CANIF_00829,"CanIf shall pass the received (see [SWS_CANIF_00006]) length value to the target upper layer module (see [SWS_CANIF_00135]), if the Data Length Check is passed."SWS_CANIF_00830,"CanIf shall pass the received (see [SWS_CANIF_00006]) length value to the target upper layer module (see [SWS_CANIF_00135]), if the Data Length Check is not configured (see CanIfPrivateDataLengthCheck and CanIfRxPduDataLengthCheck)"SWS_CANIF_00747,"If Partial Networking (PN) is enabled (see CanIfPublicPnSupport), CanIf shall support a PnTxFilter per CAN Controller which overlays the PDU channel modes."SWS_CANIF_00748,The PnTxFilter of [SWS_CANIF_00747] shall only have an effect and transition its modes (enabled/disabled) if more than zero Tx L-PDUs per CAN Controller are configured as CanIfTxPduPnFilterPdu (see CanIfTxPduPnFilterPdu).SWS_CANIF_00863,PnTxFilter shall be enabled during initialization (ref. to [SWS_CANIF_00747] and [SWS_CANIF_00748]).SWS_CANIF_00749,"If CanIf_SetControllerMode(ControllerId, CAN_CS_SLEEP) is called the PnTxFilter of the corresponding CAN Controller shall be enabled (ref. to [SWS_CANIF_00748] and [SWS_CANIF_00747])."SWS_CANIF_00750,"If the PnTxFilter of a CAN Controller is enabled, CanIf shall block all Tx requests to that CAN Controller (return E_NOT_OK when CanIf_Transmit() is called), except if the requested Tx L-PDUs is one of the configured CanIfTxPduPnFilterPdus of that CAN Controller. These CanIfTxPduPnFilterPdus shall always be passed to the corresponding CAN Driver."SWS_CANIF_00751,"If CanIf_TxConfirmation() is called, the corresponding PnTxFilter shall be disabled (ref. to [SWS_CANIF_00747] and [SWS_CANIF_00748])."SWS_CANIF_00896,"If CanIf_RxIndication() is called and PnTxFilter is enabled, the corresponding PnTxFilter shall be disabled (ref. to [SWS_CANIF_00747] and [SWS_CANIF_00748])."SWS_CANIF_00752,"If the PnTxFilter of a CAN Controller is disabled, CanIf shall behave as requested via CanIf_SetPduMode() (see [SWS_CANIF_00008]).] ()"SWS_CANIF_00878,"If CanIf_SetPduMode(ControllerId, CANIF_TX_OFFLINE) is called and Partial Networking is enabled (ref. to CanIfPublicPnSupport) the PnTxFilter of the corresponding CAN Controller shall be enabled (ref. to [SWS_CANIF_00748] and [SWS_CANIF_00747])."SWS_CANIF_00913,If security event reporting has been enabled for the CanIf module (CanIfEnableSecurityEventReporting = true) the respective security events shall bereported to the IdsM via the interfaces defined in AUTOSAR_SWS_BSWGeneral.SWS_CANIF_00915,"If CanIf_ErrorNotification() is called by CanDrv, the function shall evaluate whether a Tx related error was detected. If this is the case the CanIfshall report the security event CANIF_SEV_TX_ERROR_DETECTED.
The context data is structured as follows:
Context Data (2 Byte)
ControllerID (1 Byte)
CanError (1 Byte)
CAN_ERROR_BIT_MONITORING1 (0x1)
CAN_ERROR_BIT_MONITORING0 (0x2)
CAN_ERROR_BIT (0x3)
CAN_ERROR_CHECK_ACK_FAILED (0x4)
CAN_ERROR_ACK_DELIMITER (0x5)
CAN_ERROR_ARBITRATION_LOST (0x6)
CAN_ERROR_OVERLOAD (0x7)"SWS_CANIF_00916,"If CanIf_ErrorNotification() is called by CanDrv, the function shall evaluate whether a Rx related error was detected. If this is the case the CanIf shall report the security event CANIF_SEV_RX_ERROR_DETECTED.
The context data is structured as follows: Context Data (2 Byte)
ControllerID (1 Byte)
CanError (1 Byte)


CAN_ERROR_CHECK_FORM_FAILED (0x8)
CAN_ERROR_CHECK_STUFFING_FAILED (0x9)
CAN_ERROR_CHECK_CRC_FAILED (0xA)
CAN_ERROR_BUS_LOCK (0xB)"SWS_CANIF_00917,"If CanIf_ControllerErrorStatePassive() is called by CanDrv, the CanIf shall report the security event CANIF_SEV_ERRORSTATE_PASSIVE in following cases:
TxErrorCounter > 127 and TxErrorCounter <= 255
RxErrorCounter > 127 and TxErrorCounter <= 255
The context data is structured as follows:
Context Data (2 Byte)
ControllerID (1 Byte)
ErrorCounterThreshold (1 Byte)
TxErrorCounter > 127 AND RxErrorCounter > 127(0x0)
TxErrorCounter > 127 AND RxErrorCounter < 127 (0x1)
RxErrorCounter > 127 AND TxErrorCounter < 127 (0x2)"SWS_CANIF_00918,"If CanIf_ControllerBusOff is called by CanDrv, the CanIf shall report the security event CANIF_SEV_ERRORSTATE_BUSOFF. The context data is structured as follows:
Context Data (1 Byte)
Controller ID (1 Byte)"SWS_CANIF_00523,The initialization data structure for a specific CanIf_ConfigType shall include the definition of CanIf public parameters and the definition for each L-PDU/L-SDU.SWS_CANIF_00661,All CanIf API services other than CanIf_Init() and CanIf_GetVersionInfo() shall not execute their normal operation and return E_NOT_OK unless the CanIf has been initialized with a preceding call of CanIf_Init ().SWS_CANIF_00085,"The service CanIf_Init() shall initialize the global variables
and data structures of the CanIf including flags and buffers."SWS_CANIF_00308,"The service CanIf_SetControllerMode() shall call Can_SetControllerMode(Controller, Transition) for the requested CAN controller."SWS_CANIF_00311,"If parameter ControllerId of CanIf_SetControllerMode() has an invalid value, the CanIf shall report development error code CANIF_E_PARAM_CONTROLLERID to the Det_ReportError service of the DET module, when CanIf_SetControllerMode() is called."SWS_CANIF_00774,"If parameter ControllerMode of CanIf_SetControllerMode() has an invalid value (not CAN_CS_STARTED, CAN_CS_SLEEP or CAN_CS_STOPPED), the CanIfshall report development error code CANIF_E_PARAM_CTRLMODE to the Det_ReportError service of the DET module, when CanIf_SetControllerMode() is called."SWS_CANIF_00313,"If parameter ControllerId of CanIf_GetControllerMode() has an invalid, the CanIf shall report development error code CANIF_E_PARAM_CONTROLLERID to the Det_ReportError service of the DET, when CanIf_GetControllerMode() is called."SWS_CANIF_00656,"If parameter ControllerModePtr of CanIf_GetControllerMode() has an invalid value, the CanIf shall report development error code CANIF_E_PARAM_POINTER to the Det_ReportError service of the DET, when CanIf_GetControllerMode() is called."SWS_CANIF_00898,"If parameter ControllerId of CanIf_GetControllerErrorState() has an invalid value, the CanIf shall report development error code CANIF_E_PARAM_CONTROLLERID to the Det_ReportError service of the DET, when CanIf_GetControllerErrorState() is called.] (SRS_BSW_00323)"SWS_CANIF_00899,"If parameter ErrorStatePtr of CanIf_GetControllerErrorState() is a null pointer, the CanIf shall report development error code CANIF_E_PARAM_POINTER to the Det_ReportError service of the DET, when CanIf_GetControllerErrorState() is called."SWS_CANIF_00317,"The service CanIf_Transmit() shall not accept a transmit request, if the controller mode referenced by ControllerId is different to CAN_CS_STARTED and the channel mode at least for the transmit path is not online or offline active."SWS_CANIF_00318,"CanIf_Transmit() shall call Can_Write() with the hardware transmit handle corresponding to the provided TxPduId and a Can_PduType structure where:
swPduHandle is set to the CanTxPduId used in the corresponding CanIf_TxConfirmation() call
length is set to the value provided as PduInfoPtr->SduLength, possibly reduced according to [SWS_CANIF_00894]
id is set to the CAN ID associated with the TxPduId
sdu is set to the pointer provided as PduInfoPtr->SduDataPtr"SWS_CANIF_00243,"CanIf shall set the two most significant bits (’IDentifier Extension flag’ (see [12, ISO 11898-1:2015]) and ’CAN FD flag’) of the CanId ( PduInfoPtr->id) before CanIf passes the predefined CanId to CanDrv at call of Can_Write() (see [1, Specification of CAN Driver], definition of Can_IdType [SWS_Can_00416]). The CanId format type of each CAN L-PDU can be configured by CanIfTxPduCanIdType, refer to CanIfTxPduCanIdType."SWS_CANIF_00882,"CanIf_Transmit() shall accept a NULL pointer as PduInfoPtr->SduDataPtr, if the PDU is configured for triggered transmission: CanIfTxPduTriggerTransmit = TRUE."SWS_CANIF_00162,If the call of Can_Write() returns E_OK the transmit request service CanIf_Transmit() shall return E_OK.SWS_CANIF_00319,"If parameter TxPduId of CanIf_Transmit() has an invalid value, CanIf shall report development error code CANIF_E_INVALID_TXPDUID to the Det_ReportError service of the DET, when CanIf_Transmit() is called.] (SRS_BSW_00323)"SWS_CANIF_00320,"If parameter PduInfoPtr of CanIf_Transmit() has an invalid value, CanIf shall report development error code CANIF_E_PARAM_POINTER to the Det_ReportError service of the DET module, when CanIf_Transmit() is called."SWS_CANIF_00893,"When CanIf_Transmit() is called with PduInfoPtr->SduLength exceeding the maximum length of the PDU referenced by TxPduId:
SduLength > 8 if the Can_IdType indicates a classic CAN frame
SduLength > 64 if the Can_IdType indicates a CAN FD frame
CanIf shall report runtime error code CANIF_E_DATA_LENGTH_MISMATCH to the
Det_ReportRuntimeError() service of the DET."SWS_CANIF_00894,"When CanIf_Transmit() is called with PduInfoPtr->SduLength exceeding the length of the global PDU (see [ECUC_EcuC_00078]) referenced by TxPduId and CanIfTxPduTruncation is enabled, CanIf shall transmit data up to the length of the global PDU (see [ECUC_EcuC_00078]) and discard the rest."SWS_CANIF_00900,"When CanIf_Transmit() is called with PduInfoPtr->SduLength exceeding the length of the global PDU (see [ECUC_EcuC_00078]) referenced by TxPduId and CanIfTxPduTruncation is disabled, CanIf shall report the runtime error CANIF_E_TXPDU_LENGTH_EXCEEDED and return E_NOT_OK without further actions."SWS_CANIF_00324,"The function CanIf_ReadRxPduData() shall not accept a request and return E_NOT_OK, if the corresponding controller mode refrenced by ControllerId is different to CAN_CS_STARTED and the channel mode is in the receive path online."SWS_CANIF_00325,"If parameter CanIfRxSduId of CanIf_ReadRxPduData() has an invalid value, e.g. not configured to be stored within CanIf via CanIfRxPduReadData, CanIf shall report development error code CANIF_E_INVALID_RXPDUID to the Det_ReportError service of the DET, when CanIf_ReadRxPduData() is called."SWS_CANIF_00326,"If parameter CanIfRxInfoPtr of CanIf_ReadRxPduData () has an invalid value, CanIf shall report development error code CANIF_E_PARAM_POINTER to the Det_ReportError service of the DET module, when CanIf_ReadRxPduData() is called."SWS_CANIF_00329,"CanIf_ReadRxPduData() shall not be used for CanIfRxSduId, which are defined to receive multiple CAN-Ids (range reception)."SWS_CANIF_00330,Configuration of CanIf_ReadRxPduData(): This API can be enabled or disabled at pre-compile time configuration by the configuration parameter CanIfPublicReadRxPduDataApi.SWS_CANIF_00393,"If configuration parameters CanIfPublicReadTxPduNotifyStatusApi and CanIfTxPduReadNotifyStatus for the transmitted L-SDU are set to TRUE, and if CanIf_ReadTxNotifStatus() is called, the CanIf shall reset the notification status for the transmitted L-SDU."SWS_CANIF_00331,"If parameter CanIfTxSduId of CanIf_ReadTxNotifStatus() is out of range or if no status information was configured for this CAN Tx L-SDU, CanIf shall report development error code CANIF_E_INVALID_TXPDUID to the Det_ReportError service of the DET when CanIf_ReadTxNotifStatus () is called."SWS_CANIF_00335,Configuration of CanIf_ReadTxNotifyStatus(): This API can be enabled or disabled at pre-compile time configuration globally by the parameter CanIfPublicReadTxPduNotifyStatusApi.SWS_CANIF_00394,"If configuration parameters CanIfPublicReadRxPduNotifyStatusApi and CanIfRxPduReadNotifyStatus are set to TRUE, and if CanIf_ReadRxNotifStatus() is called, then CanIf shall reset the notification status for the received L-SDU."SWS_CANIF_00336,"If parameter CanIfRxSduId of CanIf_ReadRxNotifStatus() is out of range or if status for CanRxPduId was requested whereas CanIfRxPduReadData is disabled or if no status information was configured for this CAN Rx



L-SDU, CanIf shall report development error code CANIF_E_INVALID_RXPDUID to the Det_ReportError service of the DET, when CanIf_ReadRxNotifStatus () is called."SWS_CANIF_00340,Configuration of CanIf_ReadRxNotifStatus(): This API can be enabled or disabled at pre-compile time configuration globally by the parameter CanIfPublicReadRxPduNotifyStatusApi.SWS_CANIF_00341,"If CanIf_SetPduMode() is called with invalid ControllerId, CanIf shall report development error code CANIF_E_PARAM_CONTROLLERID to the Det_ReportError service of the DET module."SWS_CANIF_00860,"If CanIf_SetPduMode() is called with invalid PduModeRequest, CanIf shall report development error code CANIF_E_PARAM_PDU_MODE to the Det_ReportError service of the DET module."SWS_CANIF_00874,"The service CanIf_SetPduMode() shall not accept any request and shall return E_NOT_OK, if the controller mode referenced by ControllerId is not in state CAN_CS_STARTED."SWS_CANIF_00346,"If CanIf_GetPduMode() is called with invalid ControllerId, CanIf shall report development error code CANIF_E_PARAM_CONTROLLERID to the Det_ReportError service of the DET module."SWS_CANIF_00657,"If CanIf_GetPduMode() is called with invalid PduModePtr, CanIf shall report development error code CANIF_E_PARAM_POINTER to the Det_ReportError service of the DET module."SWS_CANIF_00352,"If parameter CanIfTxSduId of CanIf_SetDynamicTxId () has an invalid value, CanIf shall report development error code CANIF_E_INVALID_TXPDUID to the Det_ReportError service of the DET module, when CanIf_SetDynamicTxId() is called."SWS_CANIF_00353,"If parameter CanId of CanIf_SetDynamicTxId() has an invalid value, CanIf shall report development error code CANIF_E_PARAM_CANID to the Det_ReportError service of the DET module, when CanIf_SetDynamicTxId() is called."SWS_CANIF_00355,"If CanIf was not initialized before calling CanIf_SetDynamicTxId(), then the function CanIf_SetDynamicTxId() shall not execute a reconfiguration of Tx CanId."SWS_CANIF_00357,Configuration of CanIf_SetDynamicTxId(): This function shall be pre compile time configurable On/Off by the configuration parameter CanIfPublicSetDynamicTxIdApi.SWS_CANIF_00358,"The function CanIf_SetTrcvMode() shall call the function CanTrcv_SetOpMode(Transceiver, OpMode) on the corresponding requested CAN Transceiver Driver module."SWS_CANIF_00538,"If parameter TransceiverId of CanIf_SetTrcvMode() has an invalid value, the CanIf shall report development error code CANIF_E_PARAM_TRCV to the Det_ReportError service of the DET, when CanIf_SetTrcvMode () is called."SWS_CANIF_00648,"If parameter TransceiverMode of CanIf_SetTrcvMode() has an invalid value (not CANTRCV_TRCVMODE_STANDBY, CANTRCV_TRCVMODE_SLEEP or CANTRCV_TRCVMODE_NORMAL), the CanIf shall report development error code CANIF_E_PARAM_TRCVMODE to the Det_ReportError service of the DET module, when CanIf_SetTrcvMode() is called."SWS_CANIF_00362,"Configuration of CanIf_SetTrcvMode(): The number of supported transceiver types for each network is set up in the configuration phase (see CanIfTrcvCfg and CanIfTrcvDrvCfg). If no transceiver is used, this function may be omitted. Therefore, if no transceiver is configured in LT or PB class the API shall return with E_NOT_OK."SWS_CANIF_00363,"The function CanIf_GetTrcvMode() shall call the function CanTrcv_GetOpMode(Transceiver, OpMode) on the corresponding requested CAN Transceiver Driver module."SWS_CANIF_00364,"If parameter TransceiverId of CanIf_GetTrcvMode() has an invalid value, the CanIf shall report development error code CANIF_E_PARAM_TRCV to the Det_ReportError service of the DET module, when CanIf_GetTrcvMode() is called."SWS_CANIF_00650,"If parameter TransceiverModePtr of CanIf_GetTrcvMode() has an invalid value, the CanIf shall report development error code CANIF_E_PARAM_POINTER to the Det_ReportError service of the DET module, when CanIf_GetTrcvMode() was called."SWS_CANIF_00367,"Configuration of CanIf_GetTrcvMode(): The number of supported transceiver types for each network is set up in the configuration phase (see CanIfTrcvCfg and CanIfTrcvDrvCfg). If no transceiver is used, this function may be omitted. Therefore, if no transceiver is configured in LT or PB class the API shall return with E_NOT_OK."SWS_CANIF_00368,"The function CanIf_GetTrcvWakeupReason() shall call CanTrcv_GetBusWuReason(Transceiver, Reason) on the corresponding requested CanTrcv."SWS_CANIF_00537,"If parameter TransceiverId of CanIf_GetTrcvWakeupReason() has an invalid value, the CanIf shall report development error code CANIF_E_PARAM_TRCV to the Det_ReportError service of the DET module, when CanIf_GetTrcvWakeupReason() is called."SWS_CANIF_00649,"If parameter TrcvWuReasonPtr of CanIf_GetTrcvWakeupReason() has an invalid value, the CanIf shall report development error code CANIF_E_PARAM_POINTER to the Det_ReportError service of the DET module, when CanIf_GetTrcvWakeupReason() is called."SWS_CANIF_00371,"Configuration of CanIf_GetTrcvWakeupReason(): The number of supported transceiver types for each network is set up in the configuration phase (see CanIfTrcvCfg and CanIfTrcvDrvCfg). If no transceiver is used, this function may be omitted. Therefore, if no transceiver is configured in LT or PB class the API shall return with E_NOT_OK."SWS_CANIF_00372,"The function CanIf_SetTrcvWakeupMode() shall call CanTrcv_SetWakeupMode(Transceiver, TrcvWakeupMode) on the corresponding requested CanTrcv."SWS_CANIF_00535,"If parameter TransceiverId of CanIf_SetTrcvWakeupMode() has an invalid value, the CanIf shall report development error code CANIF_E_PARAM_TRCV to the Det_ReportError service of the DET module, when CanIf_SetTrcvWakeupMode() is called."SWS_CANIF_00536,"If parameter TrcvWakeupMode of CanIf_SetTrcvWakeupMode() has an invalid value, the CanIf shall report development error code CANIF_E_PARAM_TRCVWAKEUPMODE to the Det_ReportError service of the DET module, when CanIf_SetTrcvWakeupMode() is called."SWS_CANIF_00373,"Configuration of CanIf_SetTrcvWakeupMode(): The number of supported transceiver types for each network is set up in the configuration phase (see CanIfTrcvCfg and CanIfTrcvDrvCfg). If no transceiver is used, this function may be omitted. Therefore, if no transceiver is configured in LT or PB class the API shall return with E_NOT_OK."SWS_CANIF_00398,"If parameter WakeupSource of CanIf_CheckWakeup() has an invalid value, CanIf shall report development error code CANIF_E_PARAM_WAKEUPSOURCE to the Det_ReportError service of the DET, when CanIf_CheckWakeup() is called."SWS_CANIF_00404,"If parameter WakeupSource of CanIf_CheckValidation () has an invalid value, the CanIf shall report development error code CANIF_E_PARAM_WAKEUPSOURCE to the Det_ReportError service of the DET module, when CanIf_CheckValidation() is called."SWS_CANIF_00408,"Configuration of CanIf_CheckValidation(): If no validation is needed, this API can be omitted by disabling of CanIfPublicWakeupCheckValidSupport."SWS_CANIF_00736,"If parameter ControllerId of CanIf_GetTxConfirmationState() has an invalid value, the CanIf shall report development error code CANIF_E_PARAM_CONTROLLERID to the Det_ReportError service of the DET module, when CanIf_GetTxConfirmationState() is called."SWS_CANIF_00738,"Configuration of CanIf_GetTxConfirmationState(): If BusOff Recovery of CanSm doesn’t need the status of the Tx confirmations (see [SWS_CANIF_00740]), this API can be omitted by disabling of CanIfPublicTxConfirmPollingSupport."SWS_CANIF_00766,"Within CanIf_ClearTrcvWufFlag() the function
CanTrcv_ClearTrcvWufFlag() shall be called."SWS_CANIF_00769,"If parameter TransceiverId of CanIf_ClearTrcvWufFlag() has an invalid value, the CanIf shall report development error code CANIF_E_PARAM_TRCV to the Det_ReportError service of the DET module, when CanIf_ClearTrcvWufFlag() is caled."SWS_CANIF_00771,Configuration of CanIf_ClearTrcvWufFlag(): Whether the CanIf supports this function shall be pre compile time configurable On/Off by the configuration parameter CanIfPublicPnSupport.SWS_CANIF_00765,"Within CanIf_CheckTrcvWakeFlag() the function
CanTrcv_CheckWakeFlag() shall be called."SWS_CANIF_00770,"If parameter TransceiverId of CanIf_CheckTrcvWakeFlag() has an invalid value, the CanIf shall report development error code CANIF_E_PARAM_TRCV to the Det_ReportError service of the DET module, when CanIf_CheckTrcvWakeFlag() is caled."SWS_CANIF_00813,Configuration of CanIf_CheckTrcvWakeFlag(): Whether the CanIf supports this function shall be pre compile time configurable On/Off by the configuration parameter CanIfPublicPnSupport.SWS_CANIF_00868,"The service CanIf_SetBaudrate() shall call Can_SetBaudrate(Controller, BaudRateConfigID) for the requested CAN Controller."SWS_CANIF_00869,"If CanIf_SetBaudrate() is called with invalid ControllerId, CanIf shall report development error code CANIF_E_PARAM_CONTROLLERID to the Det_ReportError service of the DET module."SWS_CANIF_00871,"If CanIf supports changing baud rate and thus CanIf_SetBaudrate(), shall be configurable via CanIfSetBaudrateApi."SWS_CANIF_00907,"If parameter ControllerId of CanIf_GetControllerRxErrorCounter() has an invalid value, the CanIf shall report development error code CANIF_E_PARAM_CONTROLLERID to the Det_ReportError service of the DET, when CanIf_GetControllerRxErrorCounter() is called."SWS_CANIF_00908,"If parameter RxErrorCounterPtr of CanIf_GetControllerRxErrorCounter() is a null pointer, the CanIf shall report development error code CANIF_E_PARAM_POINTER to the Det_ReportError service of the DET, when CanIf_GetControllerRxErrorCounter() is called."SWS_CANIF_00909,"If parameter ControllerId of CanIf_GetControllerTxErrorCounter() has an invalid value, the CanIf shall report development error code CANIF_E_PARAM_CONTROLLERID to the Det_ReportError service of the DET, when CanIf_GetControllerTxErrorCounter() is called."SWS_CANIF_00910,"If parameter TxErrorCounterPtr of CanIf_GetControllerTxErrorCounter() is a null pointer, the CanIf shall report development error code CANIF_E_PARAM_POINTER to the Det_ReportError service of the DET, when CanIf_GetControllerTxErrorCounter() is called."SWS_CANIF_00911,"If Bus Mirroring is not enabled (see CanIfBusMirroringSupport), the API CanIf_EnableBusMirroring() can be omitted."SWS_CANIF_00912,"If parameter ControllerId of CanIf_EnableBusMirroring() has an invalid value, the CanIf shall report development error code CANIF_E_PARAM_CONTROLLERID to the Det_ReportError service of the DET, when CanIf_EnableBusMirroring() is called."SWS_CANIF_00884,CanIf shall only provide the API function CanIf_TriggerTransmit() if TriggerTransmit support is enabled (CanIfTriggerTransmitSupport = TRUE).SWS_CANIF_00885,"The function CanIf_TriggerTransmit() shall call the corresponding <User_TriggerTransmit>() function, passing the translated TxPduId and the pointer to the PduInfo structure (PduInfoPtr). Upon return, CanIf_TriggerTransmit() shall return the return value of its <User_TriggerTransmit>().] ()"SWS_CANIF_00391,"CanIf_TxConfirmation
If configuration parameters CanIfPublicReadTxPduNotifyStatusApi and CanIfTxPduReadNotifyStatus for the Transmitted L-PDU are set to TRUE, and if CanIf_TxConfirmation() is called, CanIf shall set the notification status for the Transmitted L-PDU."SWS_CANIF_00410,"If parameter CanTxPduId of CanIf_TxConfirmation() has an invalid value, CanIf shall report development error code CANIF_E_PARAM_LPDU to the Det_ReportError service of the DET module, when CanIf_TxConfirmation() is called."SWS_CANIF_00412,"If CanIf was not initialized before calling CanIf_TxConfirmation(), CanIf shall not call the service <User_TxConfirmation>() and shall not set the Tx confirmation status, when CanIf_TxConfirmation() is called."SWS_CANIF_00414,"Configuration of CanIf_TxConfirmation(): Each Tx L-
-PDU (see CanIfTxPduCfg) has to be configured with a corresponding transmit confirmation service of an upper layer module (see [SWS_CANIF_00011]) which is called in CanIf_TxConfirmation()."SWS_CANIF_00415,"Within the service CanIf_RxIndication() the CanIf
routes this indication to the configured upper layer target service(s)."SWS_CANIF_00392,"If configuration parameters CanIfPublicReadRxPduNotifyStatusApi and CanIfRxPduReadNotifyStatus for the Received L-PDU are


set to TRUE, and if CanIf_RxIndication() is called, the CanIf shall set the notification status for the Received L-PDU."SWS_CANIF_00416,"If parameter Mailbox->Hoh of CanIf_RxIndication() has an invalid value, CanIf shall report development error code CANIF_E_PARAM_HOH to the Det_ReportError service of the DET module, when CanIf_RxIndication() is called."SWS_CANIF_00417,"If parameter Mailbox->CanId of CanIf_RxIndication() has an invalid value, CanIf shall report development error code CANIF_E_PARAM_CANID to the Det_ReportError service of the DET module, when CanIf_RxIndication() is called."SWS_CANIF_00419,"If parameter PduInfoPtr or Mailbox of CanIf_RxIndication() has an invalid value, CanIf shall report development error code CANIF_E_PARAM_POINTER to the Det_ReportError service of the DET module, when CanIf_RxIndication() is called."SWS_CANIF_00421,"If CanIf was not initialized before calling CanIf_RxIndication(), CanIf shall not execute Rx indication handling, when CanIf_RxIndication(), is called."SWS_CANIF_00423,Configuration of CanIf_RxIndication(): Each Rx L-PDU (see CanIfRxPduCfg) has to be configured with a corresponding receive indication service of an upper layer module (see [SWS_CANIF_00012]) which is called in CanIf_RxIndication().SWS_CANIF_00429,"If parameter ControllerId of CanIf_ControllerBusOff () has an invalid value, CanIf shall report development error code CANIF_E_PARAM_CONTROLLERID to the Det_ReportError service of the DET module, when CanIf_ControllerBusOff() is called."SWS_CANIF_00431,"If CanIf was not initialized before calling CanIf_ControllerBusOff(), CanIf shall not execute BusOff notification, when CanIf_ControllerBusOff(), is called."SWS_CANIF_00433,Configuration of CanIf_ControllerBusOff(): ID of the CAN Controller is published inside the configuration description of the CanIf (see CanIfCtrlCfg).SWS_CANIF_00753,"If CanIf_ConfirmPnAvailability() is called, CanIf
calls <User_ConfirmPnAvailability>()."SWS_CANIF_00816,"If parameter TransceiverId of CanIf_ConfirmPnAvailability() has an invalid value, CanIf shall report development error code CANIF_E_PARAM_TRCV to the Det_ReportError service of the DET module, when CanIf_ConfirmPnAvailability() is called."SWS_CANIF_00817,"If CanIf was not initialized before calling CanIf_ConfirmPnAvailability(), CanIf shall not execute notification, when CanIf_ConfirmPnAvailability() is called."SWS_CANIF_00754,Configuration of CanIf_ConfirmPnAvailability(): This function shall be pre compile time configurable ON/OFF by the configuration parameter CanIfPublicPnSupport.SWS_CANIF_00757,"If CanIf_ClearTrcvWufFlagIndication() is called,
CanIf calls <User_ClearTrcvWufFlagIndication>()."SWS_CANIF_00805,"If parameter TransceiverId of CanIf_ClearTrcvWufFlagIndication() has an invalid value, CanIf shall report development error code CANIF_E_PARAM_TRCV to the Det_ReportError service of the DET module, when CanIf_ClearTrcvWufFlagIndication() is called."SWS_CANIF_00806,"If CanIf was not initialized before calling CanIf_ClearTrcvWufFlagIndication(), CanIf shall not execute notification, when CanIf_ClearTrcvWufFlagIndication() is called."SWS_CANIF_00808,Configuration of CanIf_ClearTrcvWufFlagIndication (): This function shall be pre compile time configurable ON/OFF by the configuration parameter CanIfPublicPnSupport.SWS_CANIF_00759,"If CanIf_CheckTrcvWakeFlagIndication() is called,
CanIf calls <User_CheckTrcvWakeFlagIndication>()."SWS_CANIF_00809,"If parameter TransceiverId of CanIf_CheckTrcvWakeFlagIndication() has an invalid value, CanIf shall report development error code CANIF_E_PARAM_TRCV to the Det_ReportError service of the DET module, when CanIf_CheckTrcvWakeFlagIndication() is called."SWS_CANIF_00810,"If the CanIf was not initialized before calling CanIf_CheckTrcvWakeFlagIndication(), CanIf shall not execute notification, when CanIf_CheckTrcvWakeFlagIndication() is called."SWS_CANIF_00812,Configuration of CanIf_CheckTrcvWakeFlagIndication (): This function shall be pre compile time configurable ON/OFF by the configuration parameter CanIfPublicPnSupport.SWS_CANIF_00700,"If parameter ControllerId of CanIf_ControllerModeIndication() has an invalid value, CanIf shall report development error code CANIF_E_PARAM_CONTROLLERID to the Det_ReportError service of the DET module, when CanIf_ControllerModeIndication() is called."SWS_CANIF_00702,"If CanIf was not initialized before calling CanIf_ControllerModeIndication(), CanIf shall not execute state transition notification, when CanIf_ControllerModeIndication() is called."SWS_CANIF_00706,"If parameter TransceiverId of CanIf_TrcvModeIndication() has an invalid value, CanIf shall report development error code CANIF_E_PARAM_TRCV to the Det_ReportError service of the DET module, when CanIf_TrcvModeIndication() is called."SWS_CANIF_00708,"If CanIf was not initialized before calling CanIf_TrcvModeIndication(), CanIf shall not execute state transition notification, when CanIf_TrcvModeIndication() is called."SWS_CANIF_00710,Configuration of CanIf_TrcvModeIndication(): ID of the CAN Transceiver is published inside the configuration description of CanIf via parameter CanIfTrcvId.SWS_CANIF_00730,"Configuration of CanIf_TrcvModeIndication(): If transceivers are not supported (CanIfTrcvDrvCfg is not configured, see CanIfTrcvDrvCfg), CanIf_TrcvModeIndication() shall not be provided by CanIf."SWS_CANIF_00919,"If parameter ControllerId of CanIf_ControllerErrorStatePassive() has an invalid value, the CanIf shall report development error code CANIF_E_PARAM_CONTROLLERID to the Det_ReportError service of the DET module when CanIf_ControllerErrorStatePassive() is called."SWS_CANIF_00920,"If parameter ControllerId of CanIf_ErrorNotification() has an invalid value, the CanIf shall report development error code CANIF_E_PARAM_CONTROLLERID to the Det_ReportError service of the DET module, when CanIf_ErrorNotification() is called."SWS_CANIF_00921,"If parameter CanError of CanIf_ErrorNotification() has an invalid value, the CanIf shall report development error code CANIF_E_PARAM_CAN_ERROR to the Det_ReportError service of the DET module, when CanIf_ErrorNotification() is called."SWS_CANIF_00888,"Configuration of <User_TriggerTransmit>(): The upper layer module, which provides the TriggerTransmit callback service, has to be configured by CanIfTxPduUserTxConfirmationUL (see CanIfTxPduUserTxConfirmationUL). If no upper layer modules are configured, no TriggerTransmit callback service is executed and therefore Trigger Transmit functionality is not supported for that PDU."SWS_CANIF_00889,Configuration of <User_TriggerTransmit>(): The name of the API <User_TriggerTransmit>() which is called by CanIf shall be configured for CanIf by parameter CanIfTxPduUserTriggerTransmitName (see CanIfTxPduUserTriggerTransmitName).SWS_CANIF_00890,"Configuration of <User_TriggerTransmit>(): If CanIfTxPduUserTxConfirmationUL is set to PDUR, CanIfTxPduUserTriggerTransmitName must be PduR_CanIfTriggerTransmit."SWS_CANIF_00891,"Configuration of <User_TriggerTransmit>(): If CanIfTxPduUserTxConfirmationUL is set to CDD, the name of the API <User_TriggerTransmit>() has to be configured via parameter CanIfTxPduUserTriggerTransmitName."SWS_CANIF_00438,"Configuration of <User_TxConfirmation>(): The upper layer module, which provides this callback service, has to be configured by CanIfTxPduUserTxConfirmationUL. If no upper layer modules are configured for transmit confirmation using <User_TxConfirmation>(), no transmit confirmation is executed."SWS_CANIF_00542,Configuration of <User_TxConfirmation>(): The name of the API <User_TxConfirmation>() which is called by CanIf shall be configured for CanIf by parameter CanIfTxPduUserTxConfirmationName.SWS_CANIF_00439,"Configuration of <User_TxConfirmation>(): If CanIfTxPduUserTxConfirmationUL is set to PDUR, CanIfTxPduUserTxConfirmationName must be PduR_CanIfTxConfirmation."SWS_CANIF_00543,"Configuration of <User_TxConfirmation>(): If CanIfTxPduUserTxConfirmationUL is set to CAN_NM, CanIfTxPduUserTxConfirmationName must be CanNm_TxConfirmation."SWS_CANIF_00858,"Configuration of <User_TxConfirmation>(): If CanIfTxPduUserTxConfirmationUL is set to J1939NM, CanIfTxPduUserTxConfirmationName must be J1939Nm_TxConfirmation."SWS_CANIF_00544,"Configuration of <User_TxConfirmation>(): If CanIfTxPduUserTxConfirmationUL is set to J1939TP, CanIfTxPduUserTxConfirmationName must be J1939Tp_TxConfirmation."SWS_CANIF_00550,"Configuration of <User_TxConfirmation>(): If CanIfTxPduUserTxConfirmationUL is set to CAN_TP, CanIfTxPduUserTxConfirmationName must be CanTp_TxConfirmation."SWS_CANIF_00556,"Configuration of <User_TxConfirmation>(): If CanIfTxPduUserTxConfirmationUL is set to XCP, CanIfTxPduUserTxConfirmationName must be Xcp_CanIfTxConfirmation."SWS_CANIF_00551,"Configuration of <User_TxConfirmation>(): If CanIfTxPduUserTxConfirmationUL is set to CDD, the name of the API <User_TxConfirmation>() has to be configured via parameter CanIfTxPduUserTxConfirmationName."SWS_CANIF_00879,"Configuration of <User_TxConfirmation>(): If CanIfTxPduUserTxConfirmationUL is set to CAN_TSYN, CanIfTxPduUserTxConfirmationName must be CanTSyn_TxConfirmation."SWS_CANIF_00441,"Configuration of <User_RxIndication>(): The upper layer module, which provides this callback service, has to be configured by CanIfRxPduUserRxIndicationUL."SWS_CANIF_00552,Configuration of <User_RxIndication>(): The name of the API <User_RxIndication>() which will be called by CanIf shall be configured for CanIf by parameter CanIfRxPduUserRxIndicationName.SWS_CANIF_00442,"Configuration of <User_RxIndication>(): If CanIfRxPduUserRxIndicationUL is set to PDUR, CanIfRxPduUserRxIndicationName must be PduR_CanIfRxIndication."SWS_CANIF_00445,"Configuration of <User_RxIndication>(): If CanIfRxPduUserRxIndicationUL is set to CAN_NM, CanIfRxPduUserRxIndicationName must be CanNm_RxIndication."SWS_CANIF_00859,"Configuration of <User_RxIndication>(): If CanIfRxPduUserRxIndicationUL is set to J1939NM, CanIfRxPduUserRxIndicationName must be J1939Nm_RxIndication."SWS_CANIF_00448,"Configuration of <User_RxIndication>(): If CanIfRxPduUserRxIndicationUL is set to CAN_TP, CanIfRxPduUserRxIndicationName must be CanTp_RxIndication."SWS_CANIF_00554,"Configuration of <User_RxIndication>(): If CanIfRxPduUserRxIndicationUL is set to J1939TP, CanIfRxPduUserRxIndicationName must be J1939Tp_RxIndication."SWS_CANIF_00555,"Configuration of <User_RxIndication>(): If CanIfRxPduUserRxIndicationUL is set to XCP, CanIfRxPduUserRxIndicationName must be Xcp_CanIfRxIndication."SWS_CANIF_00557,Configuration of <User_RxIndication>(): If CanIfRxPduUserRxIndicationUL is set to CDD the name of the API has to be configured via parameter CanIfRxPduUserRxIndicationName.SWS_CANIF_00880,"Configuration of <User_RxIndication>(): If CanIfRxPduUserRxIndicationUL is set to CAN_TSYN, CanIfRxPduUserRxIndicationName must be CanTSyn_RxIndication."SWS_CANIF_00659,"Configuration of <User_ValidateWakeupEvent>(): If no validation is needed, this API can be omitted by disabling CanIfPublicWakeupCheckValidSupport."SWS_CANIF_00456,"Configuration of <User_ValidateWakeupEvent>(): The upper layer module which provides this callback service has to be configured by CanIfDispatchUserValidateWakeupEventUL, but:
If no upper layer modules are configured for wake up notification using <User_ValidateWakeupEvent>(), no wake up notification needs to be configured. CanIfDispatchUserValidateWakeupEventUL needs not to be configured.
If wake up is not supported (CanIfCtrlWakeupSupport and CanIfTrcvWakeupSupport equal FALSE, CanIfDispatchUserValidateWakeupEventUL is not configurable."SWS_CANIF_00563,"Configuration of <User_ValidateWakeupEvent>(): If CanIfDispatchUserValidateWakeupEventUL is set to ECUM, CanIfDispatchUserValidateWakeupEventName must be EcuM_ValidateWakeupEvent."SWS_CANIF_00564,"Configuration of <User_ValidateWakeupEvent>(): If
CanIfDispatchUserValidateWakeupEventUL is set to CDD the name of the API has to be configured via parameter CanIfDispatchUserValidateWakeupEventName."SWS_CANIF_00450,Configuration of <User_ControllerBusOff>(): The upper layer module which provides this callback service has to be configured by CanIfDispatchUserCtrlBusOffUL.SWS_CANIF_00558,Configuration of <User_ControllerBusOff>(): The name of the API <User_ControllerBusOff>() which will be called by CanIf shall be configured for CanIf by parameter CanIfDispatchUserCtrlBusOffName.SWS_CANIF_00524,"Configuration of <User_ControllerBusOff>(): At least one upper layer module and hence an API of <User_ControllerBusOff>() has mandatorily to be configured, which CanIf can call in case of an occurred call of CanIf_ControllerBusOff()."SWS_CANIF_00559,"Configuration of <User_ControllerBusOff>(): If CanIfDispatchUserCtrlBusOffUL is set to CAN_SM, CanIfDispatchUserCtrlBusOffName must be CanSM_ControllerBusOff."SWS_CANIF_00560,Configuration of <User_ControllerBusOff>(): If CanIfDispatchUserCtrlBusOffUL is set to CDD the name of the API has to be configured via parameter CanIfDispatchUserCtrlBusOffName.SWS_CANIF_00823,"Configuration of <User_ConfirmPnAvailability>(): The upper layer module, which is called (see [SWS_CANIF_00753]), has to be configurable by CanIfDispatchUserConfirmPnAvailabilityUL if CanIfPublicPnSupport equals True."SWS_CANIF_00824,Configuration of <User_ConfirmPnAvailability>(): The name of <User_ConfirmPnAvailability>() shall be configurable by CanIfDispatchUserConfirmPnAvailabilityName if CanIfPublicPnSupport equals True.SWS_CANIF_00825,"Configuration of <User_ConfirmPnAvailability>(): It shall be configurable by CanIfPublicPnSupport, if CanIf supports this service ( False: not supported, True: supported)"SWS_CANIF_00826,"Configuration of <User_ConfirmPnAvailability>(): If CanIfDispatchUserConfirmPnAvailabilityUL is set to CAN_SM, CanIfDispatchUserConfirmPnAvailabilityName must be CanSM_ConfirmPnAvailability."SWS_CANIF_00827,"Configuration of <User_ConfirmPnAvailability>(): If CanIfDispatchUserConfirmPnAvailabilityUL is set to CDD, the name of the service has to be configurable via parameter CanIfDispatchUserConfirmPnAvailabilityName."SWS_CANIF_00794,"Configuration of <User_ClearTrcvWufFlagIndication> (): The upper layer module, which is called (see [SWS_CANIF_00757]), has to be configurable by CanIfDispatchUserClearTrcvWufFlagIndicationUL if CanIfPublicPnSupport equals True."SWS_CANIF_00795,Configuration of <User_ClearTrcvWufFlagIndication> (): The name of <User_ClearTrcvWufFlagIndication>() shall be configurable by CanIfDispatchUserClearTrcvWufFlagIndicationName if CanIfPublicPnSupport equals True.SWS_CANIF_00796,"Configuration of <User_ClearTrcvWufFlagIndication> (): It shall be configurable by CanIfPublicPnSupport, if CanIf supports this service (False: not supported, True: supported)"SWS_CANIF_00797,"Configuration of <User_ClearTrcvWufFlagIndication> (): If CanIfDispatchUserClearTrcvWufFlagIndicationUL is set to CAN_SM, CanIfDispatchUserClearTrcvWufFlagIndicationName must be CanSM_ClearTrcvWufFlagIndication."SWS_CANIF_00798,"Configuration of <User_ClearTrcvWufFlagIndication> (): If CanIfDispatchUserClearTrcvWufFlagIndicationUL is set to CDD, the name of the service has to be configurable via parameter CanIfDispatchUserClearTrcvWufFlagIndicationName."SWS_CANIF_00800,"Configuration of <User_CheckTrcvWakeFlagIndication>(): The upper layer module, which is called (see [SWS_CANIF_00759]), has to be configurable by CanIfDispatchUserCheckTrcvWakeFlagIndicationUL if CanIfPublicPnSupport equals True."SWS_CANIF_00801,Configuration of <User_CheckTrcvWakeFlagIndication>(): The name of <User_CheckTrcvWakeFlagIndication>() shall be configurable by CanIfDispatchUserCheckTrcvWakeFlagIndicationName if CanIfPublicPnSupport equals True.SWS_CANIF_00802,"Configuration of <User_CheckTrcvWakeFlagIndication>(): It shall be configurable by CanIfPublicPnSupport, if CanIf supports this service (False: not supported, True: supported)"SWS_CANIF_00803,"Configuration of <User_CheckTrcvWakeFlagIndication>(): If CanIfDispatchUserCheckTrcvWakeFlagIndicationUL is set to CAN_SM, CanIfDispatchUserCheckTrcvWakeFlagIndicationName must be CanSM_CheckTransceiverWakeFlagIndication."SWS_CANIF_00804,"Configuration of <User_CheckTrcvWakeFlagIndication>(): If CanIfDispatchUserCheckTrcvWakeFlagIndicationUL is set to CDD, the name of the service has to be configurable via parameter CanIfDispatchUserCheckTrcvWakeFlagIndicationName."SWS_CANIF_00689,"Configuration of <User_ControllerModeIndication>(): The upper layer module which provides this callback service has to be configured by
CanIfDispatchUserCtrlModeIndicationUL."SWS_CANIF_00690,Configuration of <User_ControllerModeIndication>(): The name of <User_ControllerModeIndication>() which is called by CanIf shall be configured for CanIf by parameter CanIfDispatchUserCtrlModeIndicationName. This is only necessary if state transition notifications are configured via CanIfDispatchUserCtrlModeIndicationUL.SWS_CANIF_00691,"Configuration of <User_ControllerModeIndication>(): If CanIfDispatchUserCtrlModeIndicationUL is set to CAN_SM, CanIfDispatchUserCtrlModeIndicationName must be CanSM_ControllerModeIndication."SWS_CANIF_00692,Configuration of <User_ControllerModeIndication>(): If CanIfDispatchUserCtrlModeIndicationUL is set to CDD the name of the function has to be configured via parameter CanIfDispatchUserCtrlModeIndicationName.SWS_CANIF_00694,"Caveats of <User_TrcvModeIndication>():
The CanTrcv must be initialized after Power ON.
The call context is either on task level (polling mode).
This callback service is in general re-entrant for multiple CAN Transceiver usage, but not for the same CAN Transceiver."SWS_CANIF_00695,"Configuration of <User_TrcvModeIndication>(): The upper layer module which provides this callback service has to be configured by CanIfDispatchUserTrcvModeIndicationUL, but:
If no upper layer modules are configured for transceiver mode indications using
<User_TrcvModeIndication>(), no transceiver mode indication needs to be configured. CanIfDispatchUserTrcvModeIndicationUL needs not to be configured.
If transceivers are not supported (CanIfTrcvDrvCfg is not configured, CanIfDispatchUserTrcvModeIndicationUL is not configurable."SWS_CANIF_00696,Configuration of <User_TrcvModeIndication>(): The name of <User_TrcvModeIndication>() which will be called by CanIf shall be configured for CanIf by parameter CanIfDispatchUserTrcvModeIndicationName. This is only necessary if state transition notifications are configured via CanIfDispatchUserTrcvModeIndicationUL.SWS_CANIF_00697,"Configuration of <User_TrcvModeIndication>(): If CanIfDispatchUserTrcvModeIndicationUL is set to CAN_SM, CanIfDispatchUserTrcvModeIndicationName must be CanSM_TransceiverModeIndication."
